"Title","Content","Source"
"Artificial Life | MIT Press","The journal shapes and chronicles the development of artificial life, extending the horizons of biological research beyond life-as-we-know-it and into the ...","https://direct.mit.edu/artl"
"Artificial life - Wikipedia","Artificial life (ALife or A-Life) is a field of study wherein researchers examine systems related to natural life, its processes, and its evolution, through the ...","https://en.wikipedia.org/wiki/Artificial_life"
"Artificial Life","The International Society for Artificial Life (ISAL) is seeking proposals to host the Conference on Artificial Life in 2026 and 2027. We will select two teams, ...","https://alife.org/"
"R.U.R. and the Vision of Artificial Life","R.U.R. and the Vision of Artificial Life offers a new, highly faithful translation by Štěpán Šimek of Czech novelist, playwright, and critic Karel Čapek's play ...","https://mitpress.mit.edu/9780262544504/ir-u-r-iand-the-vision-of-artificial-life/"
"Artificial Life: A Report from the Frontier Where Computers Meet ...","Artificial Life: A Report from the Frontier Where Computers Meet Biology [Levy, Steven] on Amazon.com. *FREE* shipping on qualifying offers.","https://www.amazon.com/Artificial-Life-Frontier-Computers-Biology/dp/0679743898"
"CS 396 artificial life : r/Northwestern","Mar 3, 2023 ... CS 396 artificial life. General Discussion. avoid this class at all costs. worst class I've ever taken at NU, it isn't the hardest or the most ...","https://www.reddit.com/r/Northwestern/comments/11gntaf/cs_396_artificial_life/"
"Ancient myths reveal early fantasies about artificial life | Stanford ...","Feb 28, 2019 ... In addition to creating Talos and Pandora, mythical Hephaestus made other self-moving objects, including a set of automated servants, who looked ...","https://news.stanford.edu/stories/2019/02/ancient-myths-reveal-early-fantasies-artificial-life"
"The artificial life form vs Beast is one of the dumbest things I've ever ...","Feb 23, 2024 ... The artificial life form vs Beast is one of the dumbest things I've ever experienced in this game. Fluff. What the hell were they thinking ?!","https://www.reddit.com/r/DBZDokkanBattle/comments/1ay5yk5/the_artificial_life_form_vs_beast_is_one_of_the/"
"Artificial Life After Frankenstein – Penn Press","Artificial Life After Frankenstein brings the insights born of Mary Shelley's legacy to bear upon the ethics and politics of making artificial life and ...","https://www.pennpress.org/9780812252743/artificial-life-after-frankenstein/"
"Why does the 'Artificial Life Forms' category exclude some Android ...","Aug 3, 2019 ... 17, 18, 20, and 21 all started out as human so they aren't fully artificial. Because of this those units are excluded from the category.","https://www.reddit.com/r/DBZDokkanBattle/comments/clns58/why_does_the_artificial_life_forms_category/"
"Artificial life: organization, adaptation and complexity from the ...","Although humans have vastly more sophisticated cognitive capacities than insects, bottom-up models of the behavior of human groups are prevalent in artificial ...","https://www.sciencedirect.com/science/article/pii/S1364661303002626"
"Artificial life | Computer Simulation & Robotics | Britannica","Artificial life, computer simulation of life, often used to study essential properties of living systems (such as evolution and adaptive behaviour).","https://www.britannica.com/technology/artificial-life"
"Taking a stride toward synthetic life — Harvard Gazette","Mar 7, 2009 ... “The reason it is a step toward artificial life is that the key component of all living systems is the ribosome, which does protein synthesis.","https://news.harvard.edu/gazette/story/2009/03/taking-a-stride-toward-synthetic-life/"
"Studying artificial life with cellular automata - ScienceDirect","In this paper we look into the possibility that life could emerge from the interaction of inanimate artificial molecules. Cellular automata provide us with the ...","https://www.sciencedirect.com/science/article/pii/016727898690237X"
"Introduction to Artificial Life for People who Like AI","Nov 25, 2019 ... ALife is the bottom-up scientific study of the fundamental principles of life. Just as Artificial Intelligence researchers ponder the nature of intelligence.","https://thegradient.pub/an-introduction-to-artificial-life-for-people-who-like-ai/"
"Life Evolves. Can Attempts to Create 'Artificial Life' Evolve, Too ...","Apr 6, 2023 ... Scientists have been trying for centuries, and philosophers have done so for millennia. Today our knowledge is so advanced that we can precisely ...","https://www.scientificamerican.com/article/life-evolves-can-attempts-to-create-artificial-life-evolve-too/"
"Home | Artificial Life and Robotics","Artificial Life and Robotics is an international journal focusing on the development of technologies related to artificial life and robotics, especially ...","https://link.springer.com/journal/10015"
"MECH_ENG 495: Artificial Life (ChBE 395/CS 396) | Mechanical ...","Description. This course introduces students to the growing field of Artificial Life: the study of “life as it could be” rather than as it happened to unfold on ...","https://www.mccormick.northwestern.edu/mechanical/academics/courses/descriptions/495-artificial-life.html"
"Artificial Life | IEEE Xplore","Artificial Life. Since its premiere in the fall of 1993, Artificial Life has become the unifying forum for the exchange of scientific info.","https://ieeexplore.ieee.org/xpl/RecentIssue.jsp?punumber=6720217"
"The Surprising Creativity of Digital Evolution: A Collection of ...","Mar 9, 2018 ... This paper is the crowd-sourced product of researchers in the fields of artificial life and evolutionary computation who have provided first-hand accounts of ...","https://arxiv.org/abs/1803.03453"
"[WIP] [22-May-2021] Artificial: Life as an AI - Works In Progress ...","May 7, 2020 ... I have begun working on my first game Artificial: Life as an A.I. in which you play as an artificial intelligence who must survive testing ...","https://forum.choiceofgames.com/t/wip-22-may-2021-artificial-life-as-an-ai/78591"
"My Artificial Life Project – How Does it Work?","Dec 29, 2020 ... A genetic algorithm is a type of computer program that mimics the evolution of actual living creatures, such as animals and plants. For a ...","https://remptongames.com/2020/12/29/my-artificial-life-project-how-does-it-work/"
"ALIFE 2024 Copenhagen","The 2024 Conference on Artificial Life. Copenhagen, Denmark | July 22-26 ... The International Conference for Artificial Life (ALife) will be held at IT ...","https://2024.alife.org/"
"Quantum Artificial Life in an IBM Quantum Computer | Scientific ...","Oct 4, 2018 ... We present the first experimental realization of a quantum artificial life algorithm in a quantum computer. The quantum biomimetic protocol ...","https://www.nature.com/articles/s41598-018-33125-3"
"The ghost factories: histories of automata and artificial life","May 20, 2020 ... The ghost factory, then, is a capsule for the concerns, omissions, and erasures that stalk the history of automata. It is also an allegory for ...","https://www.tandfonline.com/doi/full/10.1080/07341512.2020.1757972"
"ALIFE 2023: GHOST IN THE MACHINE - The 2023 Conference on ...","The 2023 Conference on Artificial Life 24-28th July, 2023 Sapporo, Japan.","https://2023.alife.org/"
"AROB Journal, Journal of Artificial Life and Robotics","Artificial Life and Robotics is an international journal publishing original technical papers and authoritative state-of-the-art reviews on the development of ...","https://isarob.org/journal/"
"The Defecating Duck, or, the Ambiguous Origins of Artificial Life ...","The defecating Duck and its companions commanded such attention, at such a moment, because they dramatized two contradictory claims at once: that living ...","https://www.journals.uchicago.edu/doi/full/10.1086/377722"
"Journal of Robotics, Networking and Artificial Life - Preface | Atlantis ...","Journal of Robotics, Networking and Artificial Life · Tuning Suitable Features Selection using Mixed Waste Classification Accuracy · Chinese Traditional Color ...","https://www.atlantis-press.com/journals/JRNAL"
"Unlocking Photonic Computing Power with Artificial 'Life' - www ...","Jun 6, 2023 ... Researchers working in the lab of Alireza Marandi have demonstrated a class of computer models known as cellular automata on photonic ...","https://www.caltech.edu/about/news/unlocking-photonic-computing-power-with-artificial-life"
"Genesis Redux: Essays in the History and Philosophy of Artificial ...","Since antiquity, philosophers and engineers have tried to take life's measure by reproducing it. Aiming to reenact Creation, at least in part, ...","https://press.uchicago.edu/ucp/books/book/chicago/G/bo5059230.html"
"Artificial Life - online only","Artificial Life is the official journal of the International Society for Artificial Life (ISAL). Individuals receive a subscription to Artificial Life as part ...","https://mitpressjournals.mit.edu/shop/journal/?issn=1064-5462"
"Artificial Life Forged in a Lab? Scientists Create Synthetic Cell That ...","Mar 31, 2021 ... Scientists have identified seven genes that can be added to tame the cells' unruly nature, causing them to neatly divide into uniform orbs.","https://scitechdaily.com/artificial-life-forged-in-a-lab-scientists-create-synthetic-cell-that-grows-and-divides-normally/"
"Mark Bedau, Artificial Life - PhilPapers","Artificial life (also known as “ALife”) is a broad, interdisciplinary endeavor that studies life and life-like processes through simulation and synthesis.","https://philpapers.org/rec/BEDTAI"
"Artificial life made in lab can grow and divide like natural bacteria ...","Mar 29, 2021 ... Synthetic cells designed in 2016 have been modified through the addition of seven genes so they can grow and divide just like natural ...","https://www.newscientist.com/article/2272899-artificial-life-made-in-lab-can-grow-and-divide-like-natural-bacteria/"
"Artificial life meets entertainment: lifelike autonomous agents ...","Autonomous agents are computational systems that inhabit some complex, dynamic environment, sense and act autonomously in this environment, and by doing so ...","https://dl.acm.org/doi/10.1145/219717.219808"
"International Journal of Artificial Life Research (IJALR): 1947-3087 ...","IJALR provides a forum on the study of living systems, human level artificial systems, and machines that exhibit intelligent autonomous behavioral ...","https://www.igi-global.com/journal/international-journal-artificial-life-research/1153"
"Artificial Life: The Coming Evolution","Jan 1, 1991 ... A new call of organisms is likely to emerge. These organisms will be artificial in the sense that they will originally be designed by humans.","https://www.inet.ox.ac.uk/publications/artificial-life-the-coming-evolution"
"artificial life environment","Artificial LIfe ENvironment (ALIEN) is an artificial life simulation tool based on a specialized 2D particle engine in CUDA for soft bodies and fluid-like ...","http://www.alien-project.org/index.html"
"The Artificial Life - BOMB Magazine","The Artificial Life. Odyssey Works has an audience of one—and a book for the rest of us. by Andrea Kleine. December 6, 2016. Odyssey Works 01.","https://bombmagazine.org/articles/the-artificial-life/"
"'Artificial life' breakthrough announced by scientists - BBC News","May 20, 2010 ... Scientists in the US succeed in developing the first living bacterial cell to be controlled entirely by synthetic DNA.","https://www.bbc.com/news/10132762"
"Silicon Second Nature by Stefan Helmreich - Paper - University of ...","... life is born from sequences of zeroes and ones. Artificial Life is the brainchild of scientists who view self-replicating computer programs—such as computer ...","https://www.ucpress.edu/books/silicon-second-nature/paper"
"Technology: CONNECTIONS;'Real, silicon life forms' and a 'science ...","Jul 8, 1996 ... Technology: CONNECTIONS;'Real, silicon life forms' and a 'science' of artificial life: Orwell is not dead. Share full article. By Edward ...","https://www.nytimes.com/1996/07/08/business/technology-connections-real-silicon-life-forms-science-artificial-life-orwell.html"
"Why would we want to create artificial life? - Quora","Sep 26, 2022 ... We build AI so that it can help us perform various tasks (e.g. driving, disease diagnosis etc.). It is built to make our lives easier and more ...","https://www.quora.com/Why-would-we-want-to-create-artificial-life"
"New Book By Wendy C. Nielsen–Motherless Creations: Fictions Of ...","May 16, 2022 ... Motherless Creations: Fictions of Artificial Life, 1650-1890 explains the elimination of maternal characters in American, British, French, and German ...","https://www.montclair.edu/english/2022/05/16/new-book-by-wendy-c-nielsen-motherless-creations-fictions-of-artificial-life-1650-1890/"
"Breeders - artificial life simulation game - Community Showcases ...","Aug 5, 2011 ... I've recently posted the first preview builds of my Unity 3D project called Breeders. Play it here It's a simulation of artificial life ...","https://discussions.unity.com/t/breeders-artificial-life-simulation-game/452172"
"philosophy - Is artificial life really life or not? - Artificial Intelligence ...","Feb 2, 2017 ... Scientists and philosophers tend to define something as ""alive"" if it manifests some specific properties found in living organisms.","https://ai.stackexchange.com/questions/2771/is-artificial-life-really-life-or-not"
"Artificial Life After Frankenstein. By Eileen Hunt Botting. Philadelphia ...","Sep 2, 2021 ... Eileen Hunt Botting carefully and thoughtfully examines “artificial life” in terms of several of the genre's dystopian tropes.","https://www.cambridge.org/core/journals/perspectives-on-politics/article/artificial-life-after-frankenstein-by-eileen-hunt-botting-philadelphia-university-of-pennsylvania-press-2021-258p-3495-cloth/625354C3AB5EFF1C980B27158D3603EE"
"Closure to efficient causation, computability and artificial life","Mar 7, 2010 ... The major insight in Robert Rosen's view of a living organism as an (M,R)-system was the realization that an organism must be ""closed to ...","https://pubmed.ncbi.nlm.nih.gov/19962389/"
"Craig Venter creates synthetic life form | Craig Venter | The Guardian","May 20, 2010 ... However critics, including some religious groups, condemned the work, with one organisation warning that artificial organisms could escape into ...","https://www.theguardian.com/science/2010/may/20/craig-venter-synthetic-life-form"
"Artificial life: organization, adaptation and complexity from the ...","Artificial life also has roots in computer science, especially artificial intelligence (AI) and machine learning. Most notable here are John Holland's ...","https://people.reed.edu/~mab/publications/papers/BedauTICS03.pdf"
"Species - Artificial Life / Evolution (NOT like Spore!) | Frontier Forums","Jan 22, 2014 ... While looking at Youtube Videos for the great game Planet Explorers, I came across this. Species, Artificial Life/ Evolution simulation.","https://forums.frontier.co.uk/threads/species-artificial-life-evolution-not-like-spore.10899/"
"Synthetic Biology: Old and New Dilemmas—The Case of Artificial Life","Jul 20, 2021 ... An artificial being may have moral significance based on the fact that it resembles a natural being. An entirely new life form on the other hand ...","https://pmc.ncbi.nlm.nih.gov/articles/PMC9245477/"
"The Past, Present, and Future of Artificial Life - Frontiers","This review provides a summary of the advances that led to the development of artificial life, its current research topics, and open problems and opportunities.","https://www.frontiersin.org/journals/robotics-and-ai/articles/10.3389/frobt.2014.00008/full"
"Artificial Life | NOVA | PBS","Oct 17, 2005 ... Are scientists on the verge of making living things from little more than dust?","https://www.pbs.org/wgbh/nova/video/artificial-life/"
"SYNTHETIC BIOLOGY: CREATING ARTIFICIAL LIFE FORMS","Building synthetic DNA is faster and cheaper, and could therefore lead to a proliferation of engineered artificial life forms – all with unpredictable impacts ...","https://www.etcgroup.org/files/publication/pdf_file/ETC_COP10SynbioBriefing081010.pdf"
"Comprehensive assessment of a nationwide simulation-based ...","Oct 7, 2021 ... Comprehensive assessment of a nationwide simulation-based course for artificial life support. Mateusz Puslecki, Marek Dabrowski, Marcin Ligowski ...","https://journals.plos.org/plosone/article?id=10.1371/journal.pone.0257162"
"Pretty artificial-life project - Raspberry Pi Forums","Feb 3, 2020 ... Loki is a simple simulation of a one-dimensional world populated with simple coloured agents that replicate when they have enough energy.","https://forums.raspberrypi.com/viewtopic.php?t=263882"
"Artificial Life 2 - Hackster.io","Feb 27, 2023 ... A vastly enhanced version of my Artificial Life project; with extra parameters, behaviours and LED panel compatibility.","https://www.hackster.io/314reactor/artificial-life-2-49274a"
"Species: Artificial Life, Real Evolution on Steam","Play with evolution! Species: ALRE is a scientifically-grounded, emergent simulation of natural selection. Creatures evolve and speciate in response to ...","https://store.steampowered.com/app/774541/Species_Artificial_Life_Real_Evolution/"
"Unlocking Photonic Computing Power with Artificial 'Life' - Applied ...","Jun 7, 2023 ... New research by Caltech's Alireza Marandi, assistant professor of electrical engineering and applied physics, uses optical hardware to ...","https://aph.caltech.edu/news/unlocking-photonic-computing-power-with-artificial-life-1"
"Could Artificial Life be on the Horizon?","Dec 21, 2023 ... A recent review, published in Cell Reports Physical Science, suggests that artificial life could be engineered into nanorobots tasked with delivering ...","https://themedicinemaker.com/discovery-development/could-artificial-life-be-on-the-horizon"
"An Artificial Life - a short story by Susan Beetlestone","It was Six. I'd never cared for Six, but seeing it like that was an almost physical blow to me. Delicate legs lay scattered and broken, and the body was mangled ...","http://www.infinityplus.co.uk/stories/artificiallife.htm"
"Genetic Algorithms and Artificial Life","... artificial-life research. 1 Introduction. Evolution by natural selection is a central ... Artificial food webs. In C. G. Langton (Eds.),. Artificial life.","https://pdxscholar.library.pdx.edu/cgi/viewcontent.cgi?article=1003&context=compsci_fac"
"The Medicine of the Future Could Be Artificial Life Forms","Oct 5, 2023 ... Lou's vision is to create viral vaccines (modified and weakened versions of a virus) and artificial life forms that can be used for diagnosing and treating ...","https://www.sdu.dk/en/om-sdu/fakulteterne/naturvidenskab/nyheder-2023/nanotech-review"
"Scientists Just Got Closer to Creating Artificial Life in the Lab","Mar 12, 2024 ... Scientists have created an RNA-replicating molecule in the lab — and brought the world one step close to creating artificial life.","https://futurism.com/artificial-life-lab-rna"
"Artificial Life","Artificial Life · Artificial Life Online · Artificial Life Journal · Artificial Life resources: by Titus Brown · by Patrick Tufts · at Yahoo · Complex Adaptive ...","https://www.red3d.com/cwr/alife.html"
"Artificial Life - latest research news and features","All the latest science news on artificial life from Phys.org. Find the latest news, advancements, and breakthroughs.","https://phys.org/tags/artificial+life/"
"Steen Rasmussen: Life, artificial life, protocells, and evolution ...","Dec 7, 2012 ... In a lengthy Q&A, SFI External Professor Steen Rasmussen discusses research of the origin of life, artificial life, protocells, ...","https://www.santafe.edu/news-center/news/rasmussen-scoop-artificial-life-protocells"
"Artificial Life module : University of Sussex","This module provides you with an introduction to the new field of artificial life. The module has a dual focus: first in bringing computing ideas from biology ...","https://www.sussex.ac.uk/study/modules/postgraduate/2024/86785-artificial-life"
"Gods and robots: the ancient quest for artificial life | Center for ...","The fascinating untold story of how the ancients imagined robots and other forms of artificial life—and even invented real automated machines.","https://casbs.stanford.edu/gods-and-robots-ancient-quest-artificial-life"
"Artificial Life | Proceedings Of An Interdisciplinary Workshop On The","Sep 27, 2019 ... ""In September 1987, the first workshop on Artificial Life was held at the Los Alamos National Laboratory. Jointly sponsored by the Center ...","https://www.taylorfrancis.com/books/edit/10.4324/9780429032769/artificial-life-christopher-langton"
"The medicine of the future could be artificial life forms | ScienceDaily","Oct 5, 2023 ... Imagine a life form that doesn't resemble any of the organisms found on the tree of life. One that has its own unique control system, ...","https://www.sciencedaily.com/releases/2023/10/231005135616.htm"
"Breakthrough Brings Us Closer to Artificial Life","Oct 21, 2022 ... The answer is yes. Using synthetic bubbles and an amalgamation of two different types of bacteria, the scientists engineered cells that can replicate DNA, ...","https://www.diamandis.com/blog/breakthrough-brings-us-closer-to-artificial-life"
"Artificial Life for Computer Graphics and Vision","Few universities in the world offer the extraordinary range and diversity of academic programs that students enjoy at UCLA. Leadership in education ...","https://catalog.registrar.ucla.edu/course/2023/comsci275"
"Artificial Life - MATH-642 - EPFL","We will give an overview of the field of Artificial Life (Alife). We study questions such as emergence of complexity, self-reproduction, evolution, ...","https://edu.epfl.ch/coursebook/en/artificial-life-MATH-642"
"Artificial life forms could be used in the future for diagnosing and ...","Oct 5, 2023 ... Similarly, he envisions such artificial life forms can act as vaccines against viral infection and can be used as nanorobots or nanomachines ...","https://www.news-medical.net/news/20231005/Artificial-life-forms-could-be-used-in-the-future-for-diagnosing-and-treating-diseases.aspx"
"How AIs Are Artificial Life | Dr. Mike Brooks","Mar 25, 2023 ... We could say that AIs, like humans, have intelligence, can think, and their own black boxes that give rise to emergent behaviors.","https://www.drmikebrooks.com/how-ais-are-artificial-life/"
"Stanisław Lem's Prescient Vision of Artificial Life | The MIT Press ...","Nov 2, 2023 ... Lem's focus is on envisioning an artificial life form that won the evolutionary competition on Regis III for profoundly different reasons than did Homo sapiens ...","https://thereader.mitpress.mit.edu/stanislaw-lems-prescient-vision-of-artificial-life/"
"Distinctive Voices—From Artificial Intelligence to Artificial Life – NAS","Distinctive Voices—From Artificial Intelligence to Artificial Life. In this talk, Dr. Kriegman will describe recent efforts to bring AI out of the digital ...","https://www.nasonline.org/event/distinctive-voices-from-artificial-intelligence-to-artificial-life/"
"Creative Artificial Intelligence within the Artificial Life Installation ...","Jul 5, 2021 ... The authors explore how current mainstream data-driven AI approaches can be questioned critically from a perspective of computational ...","https://www.scienceopen.com/hosted-document?doi=10.14236/ewic/EVA2021.34"
"Artificial life and 'nature's purposes': The question of behavioral ...","Oct 9, 2020 ... This paper investigates the concept of behavioral autonomy in Artificial Life by drawing a parallel to the use of teleological notions in ...","https://www.degruyter.com/document/doi/10.1515/humaff-2020-0052/html?lang=en"
"Artificial Life....","Nov 10, 2015 ... I was recently watching a episode of NightWatch on A&E and the Paramedics had a patient in complete Cardiac Arrest.","https://www.linkedin.com/pulse/artificial-life-cedric-crowder"
"ECAL 2013, 12th European Conference on Artificial Life","12th European Conference on Artificial Life, September 2-6 2013, Taormina, Italy. Designing, Programming, Evolving, Simulation and Synthesis of Natural and ...","https://www.dmi.unict.it/ecal2013/"
"22nd conference Cognition and Artificial Life – UX: Designing the ...","Feb 1, 2024 ... 22nd conference Cognition and Artificial Life organized by the Department of Geoinformatics at Palacký University Olomouc and the Department of Information and ...","https://use.icaci.org/cognition-and-artificial-life-central-europe-conference-on-eye-tracking/"
"Artificial life in an exciton-polariton lattice - IOPscience","We show theoretically that a lattice of exciton-polaritons can behave as a life-like cellular automaton when simultaneously excited by a continuous wave ...","https://iopscience.iop.org/article/10.1088/1367-2630/abc290"
"Molecular Communication Approaches for Wetware Artificial Life: A ...","Mar 8, 2024 ... In this report, we comment on the workshop by focusing on the main theme and the motivations that led us to develop this initiative.","https://www.mdpi.com/2504-3900/98/1/1"
"Biocentrism and Artificial Life","religion and the creation of life. KEYWORDS. Biocentrism, artificial life, future generations, Precautionary Principle, flourish ing, religion, creation.","https://www.jstor.org/stable/23240353"
"The Development of Embodied Cognition: Six Lessons from Babies","Exploration makes intelligence open-ended and inventive. n 2005 Massachusetts Institute of Technology. Artificial Life 11: 13–29 (2005). Page ...","https://cogdev.sitehost.iu.edu/labwork/6_lessons.pdf"
"Eileen Hunt's book Artificial Life After Frankenstein wins award for ...","Aug 18, 2022 ... Eileen Hunt, a professor in the Department of Political Science, has won the David Easton Award for her 2021 book, Artificial Life After ...","https://al.nd.edu/news/latest-news/eileen-hunts-book-em-artificial-life-after-frankenstein-em-wins-award-for-broadening-horizons-of-contemporary-political-science/"
"FIT3094 - Artificial life, artificial intelligence and virtual environments ...","This unit introduces topics in Artificial Intelligence (AI) and Artificial Life (ALife) suited to real-time simulation and computer games development.","https://handbook.monash.edu/2023/units/fit3094"
"Life Sciences, Automated - Artificial","Artificial is on a mission to make automation accessible to every lab. Learn how Artificial accomplishes this with their human-in-the-loop lab automation ...","https://www.artificial.com/about/"
"Artificial Life in the Transwar Japanese Imagination","This dissertation uses the lens of the jinzō ningen (“artificial” or, more literally, “human-constructed” human) to offer a novel account of transwar (1920s ...","https://jscholarship.library.jhu.edu/items/5f7f59f2-dc52-47ed-8af2-52465d2dda08"
"UNC-Chapel Hill researchers create artificial cells that act like living ...","Apr 23, 2024 ... “This research helps us understand what makes life,” Freeman says. “This synthetic cell technology will not just enable us to reproduce what ...","https://research.unc.edu/2024/04/23/unc-chapel-hill-researchers-create-artificial-cells-that-act-like-living-cells/"
"Alien – CUDA-powered artificial life simulation program | Hacker News","Aug 17, 2024 ... A flash game that involved small particles with their own unique behavior. Each particle could collide, react, transform, or destroy other particle material.","https://news.ycombinator.com/item?id=41275759"
"Using an artificial life simulation to enhance reflective critical ...","Apr 15, 2020 ... This paper presents a methodology for developing critical reflection among student teachers by using a novel artificial life simulation ...","https://slejournal.springeropen.com/articles/10.1186/s40561-020-00119-6"
"Artificial Life Laboratory – Graz | Austria","What is the Artificial Life Laboratory? We are an interdisciplinary group of researchers which specialise in swarm intelligence. Our work focusses on ...","https://alife.uni-graz.at/"
"The Artificial Life Route to Artificial Intelligence: Building Embodie","Originally published in 1995, this volume is the direct result of a conference in which a number of leading researchers from the fields of artificial ...","https://www.routledge.com/The-Artificial-Life-Route-to-Artificial-Intelligence-Building-Embodied-Situated-Agents/Steels-Brooks/p/book/9781138545854"
"Biocentrism and Artificial Life - Robin Attfield, 2012","Abstract. Biocentrism maintains that all living creatures have moral standing, but need not claim that all have equal moral significance. This moral standing ...","https://journals.sagepub.com/doi/10.3197/096327112X13225063228069?icid=int.sj-abstract.similar-articles.2"
"En 100 - Division of the Humanities and Social Sciences","Artificial Life: Literary Automata. 9 units (3-0-6) | third term. Well before ... This course surveys the role of the automaton in literary texts in order to ...","https://www.hss.caltech.edu/undergraduate-studies/course-descriptions-22-23/en-100"